{
    "test": {
        "1x1": [
            "2,3",
            "3,3"
        ],
        "1x2" : [
            "1,1",
            "4,1"
        ],
        "2x1" : [
            "2,5"
        ],
        "2x2" : [
            "2,1"
        ]
    },
    "conf1" : {
        "1x1": [
            "2,4",
            "3,4",
            "1,5",
            "4,5"
        ],
        "1x2" : [
            "1,1",
            "4,1",
            "1,3",
            "4,3"
        ],
        "2x1" : [
            "2,3"
        ],
        "2x2" : [
            "2,1"
        ]
    },
    "conf2" : {
        "1x1": [
            "1,4",
            "4,4",
            "3,5",
            "4,5"
        ],
        "1x2" : [
            "1,2",
            "4,2",
            "2,3",
            "3,3"
        ],
        "2x1" : [
            "1,5"
        ],
        "2x2" : [
            "2,1"
        ]
    },
    "conf3" : {
        "1x1": [
            "1,3",
            "4,3",
            "2,4",
            "3,4"
        ],
        "1x2" : [
            "1,1",
            "4,1",
            "1,4",
            "4,4"
        ],
        "2x1" : [
            "2,3"
        ],
        "2x2" : [
            "2,1"
        ]
    },
    "conf4" : {
        "1x1": [
            "1,3",
            "2,3",
            "3,3",
            "4,3"
        ],
        "1x2" : [
            "1,1",
            "1,4",
            "4,1",
            "4,4"
        ],
        "2x1" : [
            "2,4"
        ],
        "2x2" : [
            "2,1"
        ]
    },
    "conf5" : {
        "1x1": [
            "1,1",
            "4,1",
            "2,4",
            "3,4"
        ],
        "1x2" : [
            "1,2",
            "1,4",
            "4,2",
            "4,4"
        ],
        "2x1" : [
            "2,3"
        ],
        "2x2" : [
            "2,1"
        ]
    },
    "conf6" : {
        "1x1": [
            "4,1",
            "4,2",
            "1,5",
            "4,5"
        ],
        "1x2" : [
            "1,1",
            "1,3",
            "2,4",
            "4,3"
        ],
        "2x1" : [
            "2,3"
        ],
        "2x2" : [
            "2,1"
        ]
    }
}