{"save0":{"0":["1,4","BLOCK_1X1"],"1":["4,4","BLOCK_1X1"],"2":["3,5","BLOCK_1X1"],"3":["4,5","BLOCK_1X1"],"4":["1,2","BLOCK_1X2"],"configuration":null,"5":["4,2","BLOCK_1X2"],"6":["2,3","BLOCK_1X2"],"7":["3,3","BLOCK_1X2"],"8":["1,5","BLOCK_2X1"],"9":["2,1","BLOCK_2X2"]},"save3":{"0":["1,3","BLOCK_1X1"],"1":["4,3","BLOCK_1X1"],"2":["2,4","BLOCK_1X1"],"3":["3,4","BLOCK_1X1"],"4":["1,1","BLOCK_1X2"],"configuration":null,"5":["4,1","BLOCK_1X2"],"6":["1,4","BLOCK_1X2"],"7":["4,4","BLOCK_1X2"],"8":["2,3","BLOCK_2X1"],"9":["2,1","BLOCK_2X2"]},"save4":{"0":["1,4","BLOCK_1X1"],"1":["4,4","BLOCK_1X1"],"2":["3,5","BLOCK_1X1"],"3":["4,5","BLOCK_1X1"],"4":["1,2","BLOCK_1X2"],"configuration":null,"5":["4,2","BLOCK_1X2"],"6":["2,3","BLOCK_1X2"],"7":["3,3","BLOCK_1X2"],"8":["1,5","BLOCK_2X1"],"9":["2,1","BLOCK_2X2"]},"save1":{"0":["2,4","BLOCK_1X1"],"1":["3,4","BLOCK_1X1"],"2":["1,5","BLOCK_1X1"],"3":["4,5","BLOCK_1X1"],"4":["1,1","BLOCK_1X2"],"configuration":null,"5":["4,1","BLOCK_1X2"],"6":["1,3","BLOCK_1X2"],"7":["4,3","BLOCK_1X2"],"8":["2,3","BLOCK_2X1"],"9":["2,1","BLOCK_2X2"]},"save2":{"0":["1,4","BLOCK_1X1"],"1":["4,4","BLOCK_1X1"],"2":["3,5","BLOCK_1X1"],"3":["4,5","BLOCK_1X1"],"4":["1,2","BLOCK_1X2"],"configuration":null,"5":["4,2","BLOCK_1X2"],"6":["2,3","BLOCK_1X2"],"7":["3,3","BLOCK_1X2"],"8":["1,5","BLOCK_2X1"],"9":["2,1","BLOCK_2X2"]},"save10":{"0":["1,3","BLOCK_1X1"],"1":["4,3","BLOCK_1X1"],"2":["2,4","BLOCK_1X1"],"3":["3,4","BLOCK_1X1"],"4":["1,1","BLOCK_1X2"],"configuration":"conf3","5":["4,1","BLOCK_1X2"],"6":["1,4","BLOCK_1X2"],"7":["4,4","BLOCK_1X2"],"8":["2,3","BLOCK_2X1"],"9":["2,1","BLOCK_2X2"]},"save7":{"0":["1,4","BLOCK_1X1"],"1":["4,4","BLOCK_1X1"],"2":["3,5","BLOCK_1X1"],"3":["4,5","BLOCK_1X1"],"4":["1,2","BLOCK_1X2"],"configuration":null,"5":["4,2","BLOCK_1X2"],"6":["2,3","BLOCK_1X2"],"7":["3,3","BLOCK_1X2"],"8":["1,5","BLOCK_2X1"],"9":["2,1","BLOCK_2X2"]},"save8":{"0":["2,4","BLOCK_1X1"],"1":["3,4","BLOCK_1X1"],"2":["1,5","BLOCK_1X1"],"3":["4,5","BLOCK_1X1"],"4":["1,1","BLOCK_1X2"],"configuration":null,"5":["4,1","BLOCK_1X2"],"6":["1,3","BLOCK_1X2"],"7":["4,3","BLOCK_1X2"],"8":["2,3","BLOCK_2X1"],"9":["2,1","BLOCK_2X2"]},"save5":{"0":["1,3","BLOCK_1X1"],"1":["4,3","BLOCK_1X1"],"2":["2,4","BLOCK_1X1"],"3":["3,4","BLOCK_1X1"],"4":["1,1","BLOCK_1X2"],"configuration":"conf3","5":["4,1","BLOCK_1X2"],"6":["1,4","BLOCK_1X2"],"7":["4,4","BLOCK_1X2"],"8":["2,3","BLOCK_2X1"],"9":["2,1","BLOCK_2X2"]},"save6":{"0":["1,3","BLOCK_1X1"],"1":["4,3","BLOCK_1X1"],"2":["2,4","BLOCK_1X1"],"3":["3,4","BLOCK_1X1"],"4":["1,1","BLOCK_1X2"],"configuration":"conf3","5":["4,1","BLOCK_1X2"],"6":["1,4","BLOCK_1X2"],"7":["4,4","BLOCK_1X2"],"8":["2,3","BLOCK_2X1"],"9":["2,1","BLOCK_2X2"]},"save9":{"0":["1,4","BLOCK_1X1"],"1":["4,4","BLOCK_1X1"],"2":["3,5","BLOCK_1X1"],"3":["4,5","BLOCK_1X1"],"4":["1,2","BLOCK_1X2"],"configuration":null,"5":["4,2","BLOCK_1X2"],"6":["2,3","BLOCK_1X2"],"7":["3,3","BLOCK_1X2"],"8":["1,5","BLOCK_2X1"],"9":["2,1","BLOCK_2X2"]}}