{
  "conf1" : {
    "-1" : "ELLF,ELLF,GIIH,GABH,C00D",
    "0": "ELLF,ELLF,GIIH,G0BH,CA0D",
    "1": "ELLF,ELLF,GIIH,G0BH,CAD0",
    "2": "ELLF,ELLF,GII0,G0BH,CADH",
    "3": "ELLF,ELLF,G0II,G0BH,CADH",
    "4": "ELLF,ELLF,0GII,0GBH,CADH",
    "5": "ELLF,ELLF,0GII,CGBH,0ADH",
    "6": "ELLF,ELLF,0GII,CGBH,A0DH",
    "7": "ELLF,ELLF,00II,CGBH,AGDH",
    "8": "ELLF,ELLF,0II0,CGBH,AGDH",
    "9": "ELLF,ELLF,II00,CGBH,AGDH",
    "10": "ELLF,ELLF,IIB0,CG0H,AGDH",
    "11": "ELLF,ELLF,II0B,CG0H,AGDH",
    "12": "ELLF,ELLF,II0B,CGDH,AG0H",
    "13": "ELLF,ELLF,IIDB,CG0H,AG0H",
    "14": "ELLF,ELLF,IIDB,C0GH,A0GH",
    "15": "ELLF,ELLF,IIDB,0CGH,A0GH",
    "16": "ELLF,ELLF,IIDB,00GH,ACGH",
    "17": "ELLF,ELLF,00DB,IIGH,ACGH",
    "18": "ELLF,ELLF,0D0B,IIGH,ACGH",
    "19": "ELLF,ELLF,D00B,IIGH,ACGH",
    "20": "ELLF,ELLF,D0B0,IIGH,ACGH",
    "21": "ELLF,ELLF,DB00,IIGH,ACGH",
    "22": "ELLF,ELLF,DBG0,IIGH,AC0H",
    "23": "ELLF,ELLF,DBGH,IIGH,AC00",
    "24": "ELLF,ELLF,DBGH,IIGH,A0C0",
    "25": "ELLF,ELLF,DBGH,IIGH,A00C",
    "26": "ELLF,ELLF,DBGH,IIGH,0A0C",
    "27": "ELLF,ELLF,DBGH,IIGH,00AC",
    "28": "ELLF,ELLF,DBGH,00GH,IIAC",
    "29": "ELLF,ELLF,D0GH,0BGH,IIAC",
    "30": "ELLF,ELLF,D0GH,B0GH,IIAC",
    "31": "ELLF,ELLF,DG0H,BG0H,IIAC",
    "32": "ELLF,ELLF,DGH0,BGH0,IIAC",
    "33": "ELL0,ELLF,DGHF,BGH0,IIAC",
    "34": "ELL0,ELL0,DGHF,BGHF,IIAC",
    "35": "E0LL,E0LL,DGHF,BGHF,IIAC",
    "36": "0ELL,0ELL,DGHF,BGHF,IIAC",
    "37": "0ELL,DELL,0GHF,BGHF,IIAC",
    "38": "DELL,0ELL,0GHF,BGHF,IIAC",
    "39": "DELL,0ELL,BGHF,0GHF,IIAC",
    "40": "DELL,BELL,0GHF,0GHF,IIAC",
    "41": "DELL,BELL,G0HF,G0HF,IIAC",
    "42": "D0LL,BELL,GEHF,G0HF,IIAC",
    "43": "D0LL,B0LL,GEHF,GEHF,IIAC",
    "44": "DLL0,BLL0,GEHF,GEHF,IIAC",
    "45": "DLL0,BLLF,GEHF,GEH0,IIAC",
    "46": "DLLF,BLLF,GEH0,GEH0,IIAC",
    "47": "DLLF,BLLF,GE0H,GE0H,IIAC",
    "48": "DLLF,BLLF,GE0H,GEAH,II0C",
    "49": "DLLF,BLLF,GEAH,GE0H,II0C",
    "50": "DLLF,BLLF,GEAH,GE0H,IIC0",
    "51": "DLLF,BLLF,GEAH,GECH,II00",
    "52": "DLLF,BLLF,GEAH,GECH,0II0",
    "53": "DLLF,BLLF,GEAH,GECH,00II",
    "54": "DLLF,BLLF,0EAH,GECH,G0II",
    "55": "DLLF,BLLF,00AH,GECH,GEII",
    "56": "DLLF,BLLF,0A0H,GECH,GEII",
    "57": "DLLF,BLLF,A00H,GECH,GEII",
    "58": "D00F,BLLF,ALLH,GECH,GEII",
    "59": "0D0F,BLLF,ALLH,GECH,GEII",
    "60": "00DF,BLLF,ALLH,GECH,GEII",
    "61": "B0DF,0LLF,ALLH,GECH,GEII",
    "62": "0BDF,0LLF,ALLH,GECH,GEII",
    "63": "0BDF,ALLF,0LLH,GECH,GEII",
    "64": "ABDF,0LLF,0LLH,GECH,GEII",
    "65": "ABDF,0LLF,GLLH,GECH,0EII",
    "66": "ABDF,GLLF,GLLH,0ECH,0EII",
    "67": "ABDF,GLLF,GLLH,E0CH,E0II",
    "68": "ABDF,GLLF,GLLH,EC0H,E0II",
    "69": "ABDF,GLLF,GLLH,E00H,ECII",
    "70": "ABDF,G00F,GLLH,ELLH,ECII",
    "71": "AB0F,G0DF,GLLH,ELLH,ECII",
    "72": "AB0F,GD0F,GLLH,ELLH,ECII",
    "73": "ABF0,GDF0,GLLH,ELLH,ECII",
    "74": "ABF0,GDFH,GLLH,ELL0,ECII",
    "75": "ABFH,GDFH,GLL0,ELL0,ECII",
    "76": "ABFH,GDFH,G0LL,E0LL,ECII",
    "77": "ABFH,G0FH,GDLL,E0LL,ECII",
    "78": "A0FH,GBFH,GDLL,E0LL,ECII",
    "79": "0AFH,GBFH,GDLL,E0LL,ECII",
    "80": "GAFH,GBFH,0DLL,E0LL,ECII",
    "81": "GAFH,GBFH,EDLL,E0LL,0CII",
    "82": "GAFH,GBFH,EDLL,E0LL,C0II",
    "83": "GAFH,GBFH,E0LL,EDLL,C0II",
    "84": "GAFH,GBFH,E0LL,E0LL,CDII",
    "85": "GAFH,GBFH,ELL0,ELL0,CDII",
    "86": "GAF0,GBFH,ELLH,ELL0,CDII",
    "87": "GAF0,GBF0,ELLH,ELLH,CDII",
    "88": "GA0F,GB0F,ELLH,ELLH,CDII",
    "89": "G0AF,GB0F,ELLH,ELLH,CDII",
    "90": "G0AF,G0BF,ELLH,ELLH,CDII",
    "91": "0GAF,0GBF,ELLH,ELLH,CDII",
    "92": "0GAF,EGBF,ELLH,0LLH,CDII",
    "93": "EGAF,EGBF,0LLH,0LLH,CDII",
    "94": "EGAF,EGBF,LL0H,LL0H,CDII",
    "95": "EGAF,EG0F,LLBH,LL0H,CDII",
    "96": "EGAF,EG0F,LL0H,LLBH,CDII",
    "97": "EG0F,EGAF,LL0H,LLBH,CDII",
    "98": "EG0F,EG0F,LLAH,LLBH,CDII",
    "99": "EGF0,EGF0,LLAH,LLBH,CDII",
    "100": "EGF0,EGFH,LLAH,LLB0,CDII",
    "101": "EGFH,EGFH,LLA0,LLB0,CDII",
    "102": "EGFH,EGFH,LLA0,LL0B,CDII",
    "103": "EGFH,EGFH,LLAB,LL00,CDII",
    "104": "EGFH,EGFH,LLAB,LLII,CD00",
    "105": "EGFH,EGFH,LLAB,LLII,C0D0",
    "106": "EGFH,EGFH,LLAB,LLII,C00D",
    "107": "EGFH,EGFH,LLAB,LLII,0C0D",
    "108": "EGFH,EGFH,LLAB,LLII,00CD",
    "109": "EGFH,EGFH,00AB,LLII,LLCD",
    "110": "EGFH,EGFH,0A0B,LLII,LLCD",
    "111": "EGFH,EGFH,A00B,LLII,LLCD",
    "112": "EGFH,EGFH,A0B0,LLII,LLCD",
    "113": "EGFH,EGFH,AB00,LLII,LLCD",
    "114": "EGFH,EGFH,ABII,LL00,LLCD",
    "115": "EGFH,EGFH,ABII,LLC0,LL0D",
    "116": "EGFH,EGFH,ABII,LL0C,LL0D",
    "117": "EGFH,EGFH,ABII,0LLC,0LLD"
  },
  "conf2" : {
    "-1": "0LL0,ELLF,EGHF,AGHB,IICD",
    "0": "0LLF,ELLF,EGH0,AGHB,IICD",
    "1": "0LLF,ELLF,EGHB,AGH0,IICD",
    "2": "0LLF,ELLF,EGHB,AGHD,IIC0",
    "3": "0LLF,ELLF,EGHB,AGHD,II0C",
    "4": "0LLF,ELLF,EGHB,AGHD,0IIC",
    "5": "0LLF,ELLF,EGHB,0GHD,AIIC",
    "6": "0LLF,0LLF,EGHB,EGHD,AIIC",
    "7": "LL0F,LL0F,EGHB,EGHD,AIIC",
    "8": "LL0F,LLHF,EGHB,EG0D,AIIC",
    "9": "LLHF,LLHF,EG0B,EG0D,AIIC",
    "10": "LLHF,LLHF,EG0B,EGD0,AIIC",
    "11": "LLHF,LLHF,EG0B,EGDC,AII0",
    "12": "LLHF,LLHF,EG0B,EGDC,A0II",
    "13": "LLHF,LLHF,E00B,EGDC,AGII",
    "14": "LLHF,LLHF,E0DB,EG0C,AGII",
    "15": "LLHF,LLHF,ED0B,EG0C,AGII",
    "16": "LL0F,LLHF,EDHB,EG0C,AGII",
    "17": "LL0F,LL0F,EDHB,EGHC,AGII",
    "18": "LLF0,LLF0,EDHB,EGHC,AGII",
    "19": "LLF0,LLFB,EDH0,EGHC,AGII",
    "20": "LLFB,LLF0,EDH0,EGHC,AGII",
    "21": "LLFB,LLF0,EDHC,EGH0,AGII",
    "22": "LLFB,LLFC,EDH0,EGH0,AGII",
    "23": "LLFB,LLFC,ED0H,EG0H,AGII",
    "24": "LL0B,LLFC,EDFH,EG0H,AGII",
    "25": "LL0B,LL0C,EDFH,EGFH,AGII",
    "26": "0LLB,0LLC,EDFH,EGFH,AGII",
    "27": "0LLB,ELLC,EDFH,0GFH,AGII",
    "28": "ELLB,ELLC,0DFH,0GFH,AGII",
    "29": "ELLB,ELLC,0DFH,AGFH,0GII",
    "30": "ELLB,ELLC,ADFH,0GFH,0GII",
    "31": "ELLB,ELLC,ADFH,G0FH,G0II",
    "32": "ELLB,ELLC,A0FH,GDFH,G0II",
    "33": "ELLB,ELLC,0AFH,GDFH,G0II",
    "34": "ELLB,ELLC,GAFH,GDFH,00II",
    "35": "ELLB,ELLC,GAFH,GDFH,0II0",
    "36": "ELLB,ELLC,GAFH,GDFH,II00",
    "37": "ELLB,ELLC,GA0H,GDFH,IIF0",
    "38": "ELLB,ELLC,GA00,GDFH,IIFH",
    "39": "ELLB,ELLC,G0A0,GDFH,IIFH",
    "40": "ELLB,ELLC,G00A,GDFH,IIFH",
    "41": "E00B,ELLC,GLLA,GDFH,IIFH",
    "42": "E0B0,ELLC,GLLA,GDFH,IIFH",
    "43": "EB00,ELLC,GLLA,GDFH,IIFH",
    "44": "EB0C,ELL0,GLLA,GDFH,IIFH",
    "45": "EBC0,ELL0,GLLA,GDFH,IIFH",
    "46": "EBC0,ELLA,GLL0,GDFH,IIFH",
    "47": "EBCA,ELL0,GLL0,GDFH,IIFH",
    "48": "EBCA,ELL0,GLLH,GDFH,IIF0",
    "49": "EBCA,ELLH,GLLH,GDF0,IIF0",
    "50": "EBCA,ELLH,GLLH,GD0F,II0F",
    "51": "EBCA,ELLH,GLLH,G0DF,II0F",
    "52": "EBCA,ELLH,GLLH,G00F,IIDF",
    "53": "EBCA,E00H,GLLH,GLLF,IIDF",
    "54": "E0CA,EB0H,GLLH,GLLF,IIDF",
    "55": "E0CA,E0BH,GLLH,GLLF,IIDF",
    "56": "0ECA,0EBH,GLLH,GLLF,IIDF",
    "57": "0ECA,GEBH,GLLH,0LLF,IIDF",
    "58": "GECA,GEBH,0LLH,0LLF,IIDF",
    "59": "GECA,GEBH,LL0H,LL0F,IIDF",
    "60": "GECA,GE0H,LLBH,LL0F,IIDF",
    "61": "GE0A,GECH,LLBH,LL0F,IIDF",
    "62": "GEA0,GECH,LLBH,LL0F,IIDF",
    "63": "GEAH,GECH,LLB0,LL0F,IIDF",
    "64": "GEAH,GECH,LLBF,LL0F,IID0",
    "65": "GEAH,GECH,LLBF,LL0F,II0D",
    "66": "GEAH,GECH,LL0F,LLBF,II0D",
    "67": "GEAH,GECH,LL0F,LL0F,IIBD",
    "68": "GEAH,GECH,0LLF,0LLF,IIBD",
    "69": "0EAH,GECH,GLLF,0LLF,IIBD",
    "70": "0EAH,0ECH,GLLF,GLLF,IIBD",
    "71": "E0AH,E0CH,GLLF,GLLF,IIBD",
    "72": "EA0H,E0CH,GLLF,GLLF,IIBD",
    "73": "EA0H,EC0H,GLLF,GLLF,IIBD",
    "74": "EAH0,ECH0,GLLF,GLLF,IIBD",
    "75": "EAH0,ECHF,GLLF,GLL0,IIBD",
    "76": "EAHF,ECHF,GLL0,GLL0,IIBD",
    "77": "EAHF,ECHF,G0LL,G0LL,IIBD",
    "78": "EAHF,E0HF,GCLL,G0LL,IIBD",
    "79": "EAHF,E0HF,G0LL,GCLL,IIBD",
    "80": "E0HF,EAHF,G0LL,GCLL,IIBD",
    "81": "E0HF,E0HF,GALL,GCLL,IIBD",
    "82": "0EHF,0EHF,GALL,GCLL,IIBD",
    "83": "0EHF,GEHF,GALL,0CLL,IIBD",
    "84": "GEHF,GEHF,0ALL,0CLL,IIBD",
    "85": "GEHF,GEHF,0ALL,C0LL,IIBD",
    "86": "GEHF,GEHF,CALL,00LL,IIBD",
    "87": "GEHF,GEHF,CALL,IILL,00BD",
    "88": "GEHF,GEHF,CALL,IILL,0B0D",
    "89": "GEHF,GEHF,CALL,IILL,B00D",
    "90": "GEHF,GEHF,CALL,IILL,B0D0",
    "91": "GEHF,GEHF,CALL,IILL,BD00",
    "92": "GEHF,GEHF,CA00,IILL,BDLL",
    "93": "GEHF,GEHF,C0A0,IILL,BDLL",
    "94": "GEHF,GEHF,C00A,IILL,BDLL",
    "95": "GEHF,GEHF,0C0A,IILL,BDLL",
    "96": "GEHF,GEHF,00CA,IILL,BDLL",
    "97": "GEHF,GEHF,IICA,00LL,BDLL",
    "98": "GEHF,GEHF,IICA,0DLL,B0LL",
    "99": "GEHF,GEHF,IICA,D0LL,B0LL",
    "100": "GEHF,GEHF,IICA,DLL0,BLL0"
  },
  "conf3" : {
    "-1": "ELLF,ELLF,AIIB,GCDH,G00H",
    "0": "ELLF,ELLF,AIIB,G0DH,GC0H",
    "1": "ELLF,ELLF,AIIB,G0DH,G0CH",
    "2": "ELLF,ELLF,AIIB,0GDH,0GCH",
    "3": "ELLF,ELLF,0IIB,AGDH,0GCH",
    "4": "ELLF,ELLF,0IIB,0GDH,AGCH",
    "5": "0LLF,ELLF,EIIB,0GDH,AGCH",
    "6": "0LLF,0LLF,EIIB,EGDH,AGCH",
    "7": "LL0F,LL0F,EIIB,EGDH,AGCH",
    "8": "LLF0,LLF0,EIIB,EGDH,AGCH",
    "9": "LLF0,LLFB,EII0,EGDH,AGCH",
    "10": "LLFB,LLF0,EII0,EGDH,AGCH",
    "11": "LLFB,LLF0,EIIH,EGDH,AGC0",
    "12": "LLFB,LLFH,EIIH,EGD0,AGC0",
    "13": "LLFB,LLFH,EIIH,EG0D,AGC0",
    "14": "LLFB,LLFH,EIIH,EG0D,AG0C",
    "15": "LLFB,LLFH,EIIH,E0GD,A0GC",
    "16": "LLFB,LLFH,EIIH,E0GD,0AGC",
    "17": "LLFB,LLFH,EIIH,EAGD,00GC",
    "18": "LLFB,LLFH,0IIH,EAGD,E0GC",
    "19": "LLFB,LLFH,II0H,EAGD,E0GC",
    "20": "LLFB,LLFH,IIGH,EAGD,E00C",
    "21": "LLFB,LLFH,IIGH,EAGD,E0C0",
    "22": "LLFB,LLFH,IIGH,EAGD,EC00",
    "23": "LLFB,LLFH,II0H,EAGD,ECG0",
    "24": "LL0B,LLFH,IIFH,EAGD,ECG0",
    "25": "LLB0,LLFH,IIFH,EAGD,ECG0",
    "26": "LLBH,LLFH,IIF0,EAGD,ECG0",
    "27": "LLBH,LLFH,IIFD,EAG0,ECG0",
    "28": "LLBH,LLFH,IIFD,EA0G,EC0G",
    "29": "LLBH,LL0H,IIFD,EAFG,EC0G",
    "30": "LLBH,LL0H,II0D,EAFG,ECFG",
    "31": "LLBH,LL0H,IID0,EAFG,ECFG",
    "32": "LLBH,LLDH,II00,EAFG,ECFG",
    "33": "LLBH,LLDH,0II0,EAFG,ECFG",
    "34": "LLBH,LLDH,00II,EAFG,ECFG",
    "35": "LLBH,LLDH,0AII,E0FG,ECFG",
    "36": "LLBH,LLDH,A0II,E0FG,ECFG",
    "37": "LLBH,LLDH,A0II,ECFG,E0FG",
    "38": "LLBH,LLDH,ACII,E0FG,E0FG",
    "39": "LLBH,LLDH,ACII,0EFG,0EFG",
    "40": "LLBH,LLDH,0CII,AEFG,0EFG",
    "41": "LLBH,LLDH,0CII,0EFG,AEFG",
    "42": "LLBH,LLDH,C0II,0EFG,AEFG",
    "43": "LLBH,LLDH,00II,CEFG,AEFG",
    "44": "LLBH,LLDH,0II0,CEFG,AEFG",
    "45": "LLBH,LLDH,II00,CEFG,AEFG",
    "46": "LLB0,LLDH,II0H,CEFG,AEFG",
    "47": "LL0B,LLDH,II0H,CEFG,AEFG",
    "48": "LLDB,LL0H,II0H,CEFG,AEFG",
    "49": "LLDB,LL0H,IIFH,CEFG,AE0G",
    "50": "LLDB,LLFH,IIFH,CE0G,AE0G",
    "51": "LLDB,LLFH,IIFH,C0EG,A0EG",
    "52": "LLDB,LLFH,IIFH,0CEG,A0EG",
    "53": "LLDB,LLFH,IIFH,00EG,ACEG",
    "54": "LLDB,LLFH,00FH,IIEG,ACEG",
    "55": "00DB,LLFH,LLFH,IIEG,ACEG",
    "56": "0D0B,LLFH,LLFH,IIEG,ACEG",
    "57": "D00B,LLFH,LLFH,IIEG,ACEG",
    "58": "D0B0,LLFH,LLFH,IIEG,ACEG",
    "59": "DB00,LLFH,LLFH,IIEG,ACEG",
    "60": "DBF0,LLFH,LL0H,IIEG,ACEG",
    "61": "DBF0,LLFH,LLEH,IIEG,AC0G",
    "62": "DBFH,LLFH,LLE0,IIEG,AC0G",
    "63": "DBFH,LLFH,LLEG,IIEG,AC00",
    "64": "DBFH,LLFH,LLEG,IIEG,A0C0",
    "65": "DBFH,LLFH,LLEG,IIEG,A00C",
    "66": "DBFH,LLFH,LLEG,IIEG,0A0C",
    "67": "DBFH,LLFH,LLEG,IIEG,00AC",
    "68": "DBFH,LLFH,LLEG,00EG,IIAC",
    "69": "DBFH,00FH,LLEG,LLEG,IIAC",
    "70": "D0FH,0BFH,LLEG,LLEG,IIAC",
    "71": "D0FH,B0FH,LLEG,LLEG,IIAC",
    "72": "DF0H,BF0H,LLEG,LLEG,IIAC",
    "73": "DF0H,BFEH,LLEG,LL0G,IIAC",
    "74": "DFEH,BFEH,LL0G,LL0G,IIAC",
    "75": "DFEH,BFEH,0LLG,0LLG,IIAC",
    "76": "DFEH,0FEH,BLLG,0LLG,IIAC",
    "77": "DFEH,0FEH,0LLG,BLLG,IIAC",
    "78": "0FEH,DFEH,0LLG,BLLG,IIAC",
    "79": "0FEH,0FEH,DLLG,BLLG,IIAC",
    "80": "F0EH,F0EH,DLLG,BLLG,IIAC",
    "81": "FE0H,FE0H,DLLG,BLLG,IIAC",
    "82": "FEH0,FEH0,DLLG,BLLG,IIAC",
    "83": "FEH0,FEHG,DLLG,BLL0,IIAC",
    "84": "FEHG,FEHG,DLL0,BLL0,IIAC",
    "85": "FEHG,FEHG,D0LL,B0LL,IIAC",
    "86": "FEHG,FEHG,D0LL,0BLL,IIAC",
    "87": "FEHG,FEHG,DBLL,00LL,IIAC",
    "88": "FEHG,FEHG,DBLL,IILL,00AC",
    "89": "FEHG,FEHG,DBLL,IILL,0A0C",
    "90": "FEHG,FEHG,DBLL,IILL,A00C",
    "91": "FEHG,FEHG,DBLL,IILL,A0C0",
    "92": "FEHG,FEHG,DBLL,IILL,AC00",
    "93": "FEHG,FEHG,DB00,IILL,ACLL",
    "94": "FEHG,FEHG,D0B0,IILL,ACLL",
    "95": "FEHG,FEHG,D00B,IILL,ACLL",
    "96": "FEHG,FEHG,0D0B,IILL,ACLL",
    "97": "FEHG,FEHG,00DB,IILL,ACLL",
    "98": "FEHG,FEHG,IIDB,00LL,ACLL",
    "99": "FEHG,FEHG,IIDB,0CLL,A0LL",
    "100": "FEHG,FEHG,IIDB,C0LL,A0LL",
    "101": "FEHG,FEHG,IIDB,CLL0,ALL0"
  },
  "conf4" : {
    "-1": "ELLG,ELLG,ABCD,FIIH,F00H",
    "0": "ELLG,ELLG,ABCD,F00H,FIIH",
    "1": "ELLG,ELLG,A0CD,FB0H,FIIH",
    "2": "ELLG,ELLG,0ACD,FB0H,FIIH",
    "3": "ELLG,ELLG,FACD,FB0H,0IIH",
    "4": "ELLG,ELLG,FACD,FB0H,II0H",
    "5": "ELLG,ELLG,FACD,F0BH,II0H",
    "6": "ELLG,ELLG,FACD,F00H,IIBH",
    "7": "ELLG,ELLG,F0CD,FA0H,IIBH",
    "8": "ELLG,ELLG,F0CD,F0AH,IIBH",
    "9": "ELLG,ELLG,0FCD,0FAH,IIBH",
    "10": "0LLG,ELLG,EFCD,0FAH,IIBH",
    "11": "0LLG,0LLG,EFCD,EFAH,IIBH",
    "12": "LL0G,LL0G,EFCD,EFAH,IIBH",
    "13": "LL0G,LLCG,EF0D,EFAH,IIBH",
    "14": "LLCG,LL0G,EF0D,EFAH,IIBH",
    "15": "LLCG,LL0G,EFAD,EF0H,IIBH",
    "16": "LLCG,LLAG,EF0D,EF0H,IIBH",
    "17": "LLCG,LLAG,EFD0,EF0H,IIBH",
    "18": "LLCG,LLAG,EFD0,EFBH,II0H",
    "19": "LLCG,LLAG,EFDH,EFBH,II00",
    "20": "LLCG,LLAG,EFDH,EFBH,0II0",
    "21": "LLCG,LLAG,EFDH,EFBH,00II",
    "22": "LLCG,LLAG,0FDH,EFBH,E0II",
    "23": "LLCG,LLAG,00DH,EFBH,EFII",
    "24": "00CG,LLAG,LLDH,EFBH,EFII",
    "25": "0C0G,LLAG,LLDH,EFBH,EFII",
    "26": "C00G,LLAG,LLDH,EFBH,EFII",
    "27": "C0AG,LL0G,LLDH,EFBH,EFII",
    "28": "CA0G,LL0G,LLDH,EFBH,EFII",
    "29": "CA0G,LLDG,LL0H,EFBH,EFII",
    "30": "CADG,LL0G,LL0H,EFBH,EFII",
    "31": "CADG,0LLG,0LLH,EFBH,EFII",
    "32": "CADG,0LLG,ELLH,EFBH,0FII",
    "33": "CADG,ELLG,ELLH,0FBH,0FII",
    "34": "CADG,ELLG,ELLH,F0BH,F0II",
    "35": "CADG,ELLG,ELLH,FB0H,F0II",
    "36": "CADG,ELLG,ELLH,F00H,FBII",
    "37": "CADG,E00G,ELLH,FLLH,FBII",
    "38": "CA0G,E0DG,ELLH,FLLH,FBII",
    "39": "CA0G,ED0G,ELLH,FLLH,FBII",
    "40": "CAG0,EDG0,ELLH,FLLH,FBII",
    "41": "CAG0,EDGH,ELLH,FLL0,FBII",
    "42": "CAGH,EDGH,ELL0,FLL0,FBII",
    "43": "CAGH,EDGH,E0LL,F0LL,FBII",
    "44": "CAGH,E0GH,EDLL,F0LL,FBII",
    "45": "C0GH,EAGH,EDLL,F0LL,FBII",
    "46": "0CGH,EAGH,EDLL,F0LL,FBII",
    "47": "ECGH,EAGH,0DLL,F0LL,FBII",
    "48": "ECGH,EAGH,FDLL,F0LL,0BII",
    "49": "ECGH,EAGH,FDLL,F0LL,B0II",
    "50": "ECGH,EAGH,F0LL,FDLL,B0II",
    "51": "ECGH,EAGH,F0LL,F0LL,BDII",
    "52": "ECGH,EAGH,FLL0,FLL0,BDII",
    "53": "ECG0,EAGH,FLLH,FLL0,BDII",
    "54": "ECG0,EAG0,FLLH,FLLH,BDII",
    "55": "EC0G,EA0G,FLLH,FLLH,BDII",
    "56": "E0CG,EA0G,FLLH,FLLH,BDII",
    "57": "E0CG,E0AG,FLLH,FLLH,BDII",
    "58": "0ECG,0EAG,FLLH,FLLH,BDII",
    "59": "0ECG,FEAG,FLLH,0LLH,BDII",
    "60": "FECG,FEAG,0LLH,0LLH,BDII",
    "61": "FECG,FEAG,LL0H,LL0H,BDII",
    "62": "FECG,FE0G,LLAH,LL0H,BDII",
    "63": "FECG,FE0G,LL0H,LLAH,BDII",
    "64": "FE0G,FECG,LL0H,LLAH,BDII",
    "65": "FE0G,FE0G,LLCH,LLAH,BDII",
    "66": "FEG0,FEG0,LLCH,LLAH,BDII",
    "67": "FEG0,FEGH,LLCH,LLA0,BDII",
    "68": "FEGH,FEGH,LLC0,LLA0,BDII",
    "69": "FEGH,FEGH,LLC0,LL0A,BDII",
    "70": "FEGH,FEGH,LLCA,LL00,BDII",
    "71": "FEGH,FEGH,LLCA,LLII,BD00",
    "72": "FEGH,FEGH,LLCA,LLII,B0D0",
    "73": "FEGH,FEGH,LLCA,LLII,B00D",
    "74": "FEGH,FEGH,LLCA,LLII,0B0D",
    "75": "FEGH,FEGH,LLCA,LLII,00BD",
    "76": "FEGH,FEGH,00CA,LLII,LLBD",
    "77": "FEGH,FEGH,0C0A,LLII,LLBD",
    "78": "FEGH,FEGH,C00A,LLII,LLBD",
    "79": "FEGH,FEGH,C0A0,LLII,LLBD",
    "80": "FEGH,FEGH,CA00,LLII,LLBD",
    "81": "FEGH,FEGH,CAII,LL00,LLBD",
    "82": "FEGH,FEGH,CAII,LLB0,LL0D",
    "83": "FEGH,FEGH,CAII,LL0B,LL0D",
    "84": "FEGH,FEGH,CAII,0LLB,0LLD"
  },
  "conf5" : {
    "-1": "ALLB,ELLG,EIIG,FCDH,F00H",
    "0": "ALLB,ELLG,EIIG,F0DH,FC0H",
    "1": "ALLB,ELLG,EIIG,F00H,FCDH",
    "2": "ALLB,ELLG,E00G,FIIH,FCDH",
    "3": "A00B,ELLG,ELLG,FIIH,FCDH",
    "4": "0A0B,ELLG,ELLG,FIIH,FCDH",
    "5": "EA0B,ELLG,0LLG,FIIH,FCDH",
    "6": "EA0B,ELLG,FLLG,FIIH,0CDH",
    "7": "EA0B,ELLG,FLLG,FIIH,C0DH",
    "8": "EAB0,ELLG,FLLG,FIIH,C0DH",
    "9": "EABG,ELLG,FLL0,FIIH,C0DH",
    "10": "EABG,ELLG,FLLH,FIIH,C0D0",
    "11": "EABG,ELLG,FLLH,FIIH,C00D",
    "12": "EABG,ELLG,FLLH,F00H,CIID",
    "13": "EABG,E00G,FLLH,FLLH,CIID",
    "14": "E0BG,EA0G,FLLH,FLLH,CIID",
    "15": "E0BG,E0AG,FLLH,FLLH,CIID",
    "16": "0EBG,0EAG,FLLH,FLLH,CIID",
    "17": "0EBG,FEAG,FLLH,0LLH,CIID",
    "18": "FEBG,FEAG,0LLH,0LLH,CIID",
    "19": "FEBG,FEAG,LL0H,LL0H,CIID",
    "20": "FEBG,FEAG,LLH0,LLH0,CIID",
    "21": "FEB0,FEAG,LLHG,LLH0,CIID",
    "22": "FE0B,FEAG,LLHG,LLH0,CIID",
    "23": "FEAB,FE0G,LLHG,LLH0,CIID",
    "24": "FEAB,FEHG,LLHG,LL00,CIID",
    "25": "FEAB,FEHG,LLHG,LL0D,CII0",
    "26": "FEAB,FEHG,LLHG,LLD0,CII0",
    "27": "FEAB,FEH0,LLHG,LLDG,CII0",
    "28": "FEAB,FEH0,LLH0,LLDG,CIIG",
    "29": "FEAB,FE0H,LL0H,LLDG,CIIG",
    "30": "FEAB,FE0H,LLDH,LL0G,CIIG",
    "31": "FEAB,FEDH,LL0H,LL0G,CIIG",
    "32": "FEAB,FEDH,0LLH,0LLG,CIIG",
    "33": "0EAB,FEDH,FLLH,0LLG,CIIG",
    "34": "0EAB,0EDH,FLLH,FLLG,CIIG",
    "35": "E0AB,E0DH,FLLH,FLLG,CIIG",
    "36": "EA0B,E0DH,FLLH,FLLG,CIIG",
    "37": "E00B,EADH,FLLH,FLLG,CIIG",
    "38": "E0B0,EADH,FLLH,FLLG,CIIG",
    "39": "E0BH,EADH,FLL0,FLLG,CIIG",
    "40": "E0BH,EADH,FLLG,FLLG,CII0",
    "41": "E0BH,EADH,FLLG,FLLG,C0II",
    "42": "E0BH,EADH,FLLG,FLLG,0CII",
    "43": "E0BH,EADH,0LLG,FLLG,FCII",
    "44": "00BH,EADH,ELLG,FLLG,FCII",
    "45": "0B0H,EADH,ELLG,FLLG,FCII",
    "46": "B00H,EADH,ELLG,FLLG,FCII",
    "47": "B0DH,EA0H,ELLG,FLLG,FCII",
    "48": "BD0H,EA0H,ELLG,FLLG,FCII",
    "49": "BDH0,EAH0,ELLG,FLLG,FCII",
    "50": "BDH0,EAHG,ELLG,FLL0,FCII",
    "51": "BDHG,EAHG,ELL0,FLL0,FCII",
    "52": "BDHG,EAHG,E0LL,F0LL,FCII",
    "53": "BDHG,E0HG,EALL,F0LL,FCII",
    "54": "B0HG,EDHG,EALL,F0LL,FCII",
    "55": "0BHG,EDHG,EALL,F0LL,FCII",
    "56": "EBHG,EDHG,0ALL,F0LL,FCII",
    "57": "EBHG,EDHG,FALL,F0LL,0CII",
    "58": "EBHG,EDHG,FALL,F0LL,C0II",
    "59": "EBHG,EDHG,F0LL,FALL,C0II",
    "60": "EBHG,EDHG,F0LL,F0LL,CAII",
    "61": "EBHG,EDHG,FLL0,FLL0,CAII",
    "62": "EBH0,EDHG,FLLG,FLL0,CAII",
    "63": "EBH0,EDH0,FLLG,FLLG,CAII",
    "64": "EB0H,ED0H,FLLG,FLLG,CAII",
    "65": "E0BH,ED0H,FLLG,FLLG,CAII",
    "66": "E0BH,E0DH,FLLG,FLLG,CAII",
    "67": "0EBH,0EDH,FLLG,FLLG,CAII",
    "68": "0EBH,FEDH,FLLG,0LLG,CAII",
    "69": "FEBH,FEDH,0LLG,0LLG,CAII",
    "70": "FEBH,FEDH,LL0G,LL0G,CAII",
    "71": "FEBH,FE0H,LLDG,LL0G,CAII",
    "72": "FEBH,FE0H,LL0G,LLDG,CAII",
    "73": "FE0H,FEBH,LL0G,LLDG,CAII",
    "74": "FE0H,FE0H,LLBG,LLDG,CAII",
    "75": "FEH0,FEH0,LLBG,LLDG,CAII",
    "76": "FEH0,FEHG,LLBG,LLD0,CAII",
    "77": "FEHG,FEHG,LLB0,LLD0,CAII",
    "78": "FEHG,FEHG,LLB0,LL0D,CAII",
    "79": "FEHG,FEHG,LLBD,LL00,CAII",
    "80": "FEHG,FEHG,LLBD,LLII,CA00",
    "81": "FEHG,FEHG,LLBD,LLII,C0A0",
    "82": "FEHG,FEHG,LLBD,LLII,C00A",
    "83": "FEHG,FEHG,LLBD,LLII,0C0A",
    "84": "FEHG,FEHG,LLBD,LLII,00CA",
    "85": "FEHG,FEHG,00BD,LLII,LLCA",
    "86": "FEHG,FEHG,0B0D,LLII,LLCA",
    "87": "FEHG,FEHG,B00D,LLII,LLCA",
    "88": "FEHG,FEHG,B0D0,LLII,LLCA",
    "89": "FEHG,FEHG,BD00,LLII,LLCA",
    "90": "FEHG,FEHG,BDII,LL00,LLCA",
    "91": "FEHG,FEHG,BDII,LLC0,LL0A",
    "92": "FEHG,FEHG,BDII,LL0C,LL0A",
    "93": "FEHG,FEHG,BDII,0LLC,0LLA"
  },
  "conf6" : {
    "-1": "ELLA,ELLB,FIIH,FG0H,CG0D",
    "0": "ELLA,ELLB,FIIH,F0GH,C0GD",
    "1": "ELLA,ELLB,FIIH,F0GH,0CGD",
    "2": "ELLA,ELLB,FIIH,FCGH,00GD",
    "3": "ELLA,ELLB,0IIH,FCGH,F0GD",
    "4": "ELLA,ELLB,II0H,FCGH,F0GD",
    "5": "ELLA,ELLB,IIGH,FCGH,F00D",
    "6": "ELLA,ELLB,IIGH,FCGH,F0D0",
    "7": "ELLA,ELLB,IIGH,FCGH,FD00",
    "8": "ELLA,ELLB,II0H,FCGH,FDG0",
    "9": "ELLA,ELLB,II00,FCGH,FDGH",
    "10": "ELLA,ELLB,0II0,FCGH,FDGH",
    "11": "ELLA,ELLB,00II,FCGH,FDGH",
    "12": "ELLA,ELLB,F0II,FCGH,0DGH",
    "13": "ELLA,ELLB,F0II,FCGH,D0GH",
    "14": "ELLA,ELLB,F0II,F0GH,DCGH",
    "15": "ELLA,ELLB,0FII,0FGH,DCGH",
    "16": "0LLA,ELLB,EFII,0FGH,DCGH",
    "17": "0LLA,0LLB,EFII,EFGH,DCGH",
    "18": "LL0A,LL0B,EFII,EFGH,DCGH",
    "19": "LL0A,LLB0,EFII,EFGH,DCGH",
    "20": "LLBA,LL00,EFII,EFGH,DCGH",
    "21": "LLBA,LLII,EF00,EFGH,DCGH",
    "22": "LLBA,LLII,EFG0,EFGH,DC0H",
    "23": "LLBA,LLII,EFGH,EFGH,DC00",
    "24": "LLBA,LLII,EFGH,EFGH,D0C0",
    "25": "LLBA,LLII,EFGH,EFGH,D00C",
    "26": "LLBA,LLII,EFGH,EFGH,0D0C",
    "27": "LLBA,LLII,EFGH,EFGH,00DC",
    "28": "LLBA,LLII,0FGH,EFGH,E0DC",
    "29": "LLBA,LLII,00GH,EFGH,EFDC",
    "30": "00BA,LLII,LLGH,EFGH,EFDC",
    "31": "0B0A,LLII,LLGH,EFGH,EFDC",
    "32": "B00A,LLII,LLGH,EFGH,EFDC",
    "33": "B0A0,LLII,LLGH,EFGH,EFDC",
    "34": "BA00,LLII,LLGH,EFGH,EFDC",
    "35": "BAII,LL00,LLGH,EFGH,EFDC",
    "36": "BAII,LLG0,LLGH,EF0H,EFDC",
    "37": "BAII,LLG0,LLGH,EFDH,EF0C",
    "38": "BAII,LLG0,LLGH,EFDH,EFC0",
    "39": "BAII,LLG0,LLG0,EFDH,EFCH",
    "40": "BAII,LL0G,LL0G,EFDH,EFCH",
    "41": "BAII,0LLG,0LLG,EFDH,EFCH",
    "42": "BAII,0LLG,ELLG,EFDH,0FCH",
    "43": "BAII,ELLG,ELLG,0FDH,0FCH",
    "44": "BAII,ELLG,ELLG,F0DH,F0CH",
    "45": "BAII,ELLG,ELLG,FD0H,F0CH",
    "46": "BAII,ELLG,ELLG,F00H,FDCH",
    "47": "BAII,E00G,ELLG,FLLH,FDCH",
    "48": "B0II,EA0G,ELLG,FLLH,FDCH",
    "49": "B0II,E0AG,ELLG,FLLH,FDCH",
    "50": "0BII,E0AG,ELLG,FLLH,FDCH",
    "51": "00II,EBAG,ELLG,FLLH,FDCH",
    "52": "E0II,EBAG,0LLG,FLLH,FDCH",
    "53": "E0II,EBAG,FLLG,FLLH,0DCH",
    "54": "E0II,EBAG,FLLG,FLLH,D0CH",
    "55": "EII0,EBAG,FLLG,FLLH,D0CH",
    "56": "EIIG,EBAG,FLL0,FLLH,D0CH",
    "57": "EIIG,EBAG,FLLH,FLLH,D0C0",
    "58": "EIIG,EBAG,FLLH,FLLH,D00C",
    "59": "EIIG,EBAG,F00H,FLLH,DLLC"
  }
}